Date,Turnover_NSW,Turnover_VIC,Turnover_QLD,Turnover_SA,Turnover_WA,Turnover_TAS,Turnover_NT,Turnover_ACT,Total,Quarter
1982-04-01,1250.2,916.2,486.3,279.4,298.3,79.9,0.0,57.1,3396.4,1982Q2
1982-05-01,1300.0,931.2,492.8,288.0,318.5,78.9,0.0,57.3,3497.9,1982Q2
1982-06-01,1234.2,887.0,494.1,277.2,301.5,77.5,0.0,55.3,3357.8,1982Q2
1982-07-01,1265.0,921.3,515.6,296.1,316.4,82.7,0.0,56.3,3486.8,1982Q3
1982-08-01,1217.6,883.2,501.4,288.4,300.5,78.1,0.0,55.4,3355.9,1982Q3
1982-09-01,1244.9,917.9,517.7,293.0,312.3,79.1,0.0,57.5,3454.3,1982Q3
1982-10-01,1264.2,983.3,504.2,307.9,318.7,78.7,0.0,61.9,3551.5,1982Q4
1982-11-01,1372.6,1065.2,536.0,332.1,337.9,86.5,0.0,68.3,3830.5,1982Q4
1982-12-01,1888.3,1427.3,715.9,440.9,457.4,118.6,0.0,92.2,5179.7,1982Q4
1983-01-01,1214.5,920.3,502.4,295.9,295.4,75.2,0.0,53.0,3384.5,1983Q1
1983-02-01,1240.6,921.7,470.0,284.1,292.6,76.5,0.0,55.1,3369.8,1983Q1
1983-03-01,1375.7,1049.2,535.7,340.5,319.6,89.1,0.0,63.1,3805.3,1983Q1
1983-04-01,1344.2,994.9,509.0,326.0,313.0,83.5,0.0,63.3,3665.1,1983Q2
1983-05-01,1379.9,990.4,527.5,341.1,336.8,85.1,0.0,65.6,3760.0,1983Q2
1983-06-01,1325.8,950.0,524.2,335.0,316.9,83.0,0.0,62.3,3630.8,1983Q2
1983-07-01,1328.1,971.0,534.8,342.3,326.5,83.9,0.0,64.5,3686.5,1983Q3
1983-08-01,1366.3,1015.5,551.0,356.4,340.9,88.1,0.0,62.5,3816.3,1983Q3
1983-09-01,1370.8,1019.2,553.9,349.7,342.3,88.0,0.0,64.1,3823.4,1983Q3
1983-10-01,1412.3,1053.0,545.1,332.8,340.5,88.7,0.0,71.4,3878.7,1983Q4
1983-11-01,1541.6,1136.8,593.3,363.9,365.3,97.7,0.0,78.0,4211.5,1983Q4
1983-12-01,2119.6,1543.3,772.2,480.0,485.3,133.5,0.0,107.7,5684.3,1983Q4
1984-01-01,1299.1,1020.7,548.9,320.5,333.7,85.8,0.0,59.4,3698.5,1984Q1
1984-02-01,1348.1,1024.5,513.7,320.2,341.7,89.1,0.0,63.7,3733.2,1984Q1
1984-03-01,1433.6,1117.4,555.7,346.8,358.4,94.4,0.0,70.5,4010.9,1984Q1
1984-04-01,1352.8,1049.3,532.2,325.6,337.7,89.0,0.0,69.1,3788.4,1984Q2
1984-05-01,1519.4,1156.7,593.6,367.9,390.5,102.3,0.0,73.9,4242.3,1984Q2
1984-06-01,1376.9,1047.0,560.7,339.7,346.6,96.2,0.0,69.2,3872.1,1984Q2
1984-07-01,1421.9,1048.3,592.4,346.9,364.5,95.7,0.0,70.5,3978.0,1984Q3
1984-08-01,1462.9,1077.2,620.3,351.0,377.0,97.8,0.0,71.7,4096.1,1984Q3
1984-09-01,1397.5,1017.4,591.7,334.2,363.2,91.9,0.0,69.5,3901.4,1984Q3
1984-10-01,1536.0,1126.6,627.8,369.2,396.7,103.2,0.0,76.2,4274.0,1984Q4
1984-11-01,1640.7,1219.2,658.8,394.2,416.8,109.2,0.0,80.7,4557.1,1984Q4
1984-12-01,2174.7,1532.3,833.8,480.3,540.2,142.9,0.0,99.4,5847.5,1984Q4
1985-01-01,1471.3,1087.6,627.2,357.9,381.1,101.9,0.0,68.8,4130.0,1985Q1
1985-02-01,1366.3,1055.7,548.7,332.9,358.2,96.2,0.0,65.6,3856.8,1985Q1
1985-03-01,1488.3,1130.5,616.0,366.1,386.7,102.1,0.0,71.2,4196.9,1985Q1
1985-04-01,1521.9,1131.4,606.4,366.7,383.4,104.6,0.0,78.6,4228.9,1985Q2
1985-05-01,1716.5,1259.2,675.3,408.4,438.3,114.7,0.0,85.1,4739.1,1985Q2
1985-06-01,1507.1,1102.2,613.8,368.5,381.6,102.3,0.0,76.2,4190.3,1985Q2
1985-07-01,1679.4,1151.6,649.7,380.9,417.9,107.0,0.0,85.5,4514.6,1985Q3
1985-08-01,1637.4,1203.0,672.4,391.8,429.1,107.8,0.0,82.7,4566.3,1985Q3
1985-09-01,1577.6,1139.5,652.5,376.5,409.3,102.9,0.0,81.9,4380.3,1985Q3
1985-10-01,1764.1,1293.8,709.8,411.4,437.4,113.6,0.0,84.8,4857.7,1985Q4
1985-11-01,1900.0,1344.1,726.7,429.9,454.1,120.0,0.0,88.8,5105.0,1985Q4
1985-12-01,2509.5,1730.4,933.2,549.2,585.6,157.6,0.0,113.5,6628.2,1985Q4
1986-01-01,1684.3,1223.7,722.2,385.0,434.1,105.6,0.0,81.6,4674.9,1986Q1
1986-02-01,1516.2,1161.9,639.3,360.2,405.5,102.1,0.0,71.9,4294.1,1986Q1
1986-03-01,1611.5,1213.7,672.1,377.7,425.8,105.3,0.0,82.6,4528.0,1986Q1
1986-04-01,1681.0,1298.2,684.1,405.7,431.1,107.2,0.0,81.9,4729.0,1986Q2
1986-05-01,1898.1,1429.5,753.3,448.7,473.9,118.5,0.0,92.8,5261.9,1986Q2
1986-06-01,1664.2,1240.8,693.7,388.1,423.0,104.1,0.0,81.1,4637.8,1986Q2
1986-07-01,1814.5,1344.3,717.8,410.1,447.9,113.9,0.0,94.3,4989.5,1986Q3
1986-08-01,1766.5,1332.2,720.3,402.5,453.6,112.7,0.0,90.8,4923.8,1986Q3
1986-09-01,1790.7,1320.8,733.3,408.8,457.5,114.1,0.0,91.7,4962.2,1986Q3
1986-10-01,1901.8,1448.8,776.3,426.4,492.9,118.2,0.0,93.6,5305.1,1986Q4
1986-11-01,1943.2,1435.8,757.7,424.9,487.5,119.0,0.0,92.2,5303.5,1986Q4
1986-12-01,2732.9,1974.3,1044.4,568.6,671.3,166.9,0.0,126.8,7340.0,1986Q4
1987-01-01,1790.4,1368.4,782.2,409.9,477.0,111.9,0.0,83.7,5065.3,1987Q1
1987-02-01,1659.8,1278.1,688.4,373.8,448.5,108.9,0.0,82.2,4679.8,1987Q1
1987-03-01,1762.6,1381.0,733.3,406.5,460.2,114.6,0.0,92.1,4993.0,1987Q1
1987-04-01,1825.4,1407.4,746.4,427.3,496.3,124.9,0.0,94.3,5166.0,1987Q2
1987-05-01,1926.6,1462.6,758.6,437.6,526.6,128.1,0.0,97.7,5386.3,1987Q2
1987-06-01,1839.2,1373.8,732.6,418.0,489.5,124.4,0.0,94.3,5118.9,1987Q2
1987-07-01,1953.9,1479.1,815.6,448.9,519.8,126.0,0.0,100.1,5494.6,1987Q3
1987-08-01,1870.7,1408.5,771.1,428.9,497.1,119.6,0.0,92.3,5236.7,1987Q3
1987-09-01,1923.2,1441.9,802.2,438.9,518.6,123.9,0.0,97.2,5395.1,1987Q3
1987-10-01,2034.3,1548.6,861.7,460.0,555.3,131.2,0.0,102.2,5744.4,1987Q4
1987-11-01,2092.9,1521.4,853.5,456.2,538.5,131.4,0.0,104.2,5745.0,1987Q4
1987-12-01,2888.1,2172.0,1167.2,619.7,779.1,192.3,0.0,143.6,8022.4,1987Q4
1988-01-01,1924.0,1373.4,839.5,412.6,498.3,123.9,0.0,89.5,5304.4,1988Q1
1988-02-01,1899.4,1390.6,785.8,406.3,479.6,127.1,0.0,93.3,5226.8,1988Q1
1988-03-01,2039.8,1536.1,874.6,460.0,533.1,136.0,0.0,101.2,5729.7,1988Q1
1988-04-01,1948.0,1494.6,838.9,430.8,538.3,129.3,47.0,100.3,5527.3,1988Q2
1988-05-01,2051.2,1542.8,900.7,455.6,548.4,134.0,52.0,103.2,5787.8,1988Q2
1988-06-01,1980.9,1529.9,954.6,456.0,529.5,132.5,53.0,102.8,5739.2,1988Q2
1988-07-01,1985.4,1489.9,985.0,458.3,517.4,129.1,54.5,103.1,5722.7,1988Q3
1988-08-01,1997.5,1531.7,982.9,459.4,522.5,134.5,54.3,104.5,5787.3,1988Q3
1988-09-01,2078.8,1562.2,1003.5,469.2,535.0,136.1,56.0,105.6,5946.3,1988Q3
1988-10-01,2131.5,1613.6,998.9,473.1,552.7,135.7,54.9,105.4,6065.8,1988Q4
1988-11-01,2352.8,1724.3,978.1,502.2,597.6,149.6,54.7,111.7,6470.9,1988Q4
1988-12-01,3252.4,2339.7,1365.4,690.3,810.5,200.1,67.5,159.9,8885.8,1988Q4
1989-01-01,2140.0,1532.0,993.5,463.4,567.4,134.1,50.9,99.1,5980.3,1989Q1
1989-02-01,1984.8,1461.4,895.6,426.4,530.1,131.7,49.1,95.0,5574.1,1989Q1
1989-03-01,2247.5,1660.7,1006.2,485.3,595.2,143.8,54.8,105.5,6299.0,1989Q1
1989-04-01,2181.4,1601.1,971.6,469.3,562.6,135.3,52.2,102.2,6075.7,1989Q2
1989-05-01,2314.2,1691.4,1035.7,491.6,595.7,143.6,58.5,107.2,6437.8,1989Q2
1989-06-01,2289.2,1641.8,1064.3,480.8,593.2,142.9,59.9,105.2,6377.4,1989Q2
1989-07-01,2254.4,1625.9,1039.7,478.8,581.6,137.2,61.2,108.6,6287.5,1989Q3
1989-08-01,2299.0,1654.8,1066.9,496.9,598.7,145.9,64.8,109.5,6436.4,1989Q3
1989-09-01,2363.4,1670.8,1105.1,493.1,618.2,145.3,60.5,109.0,6565.5,1989Q3
1989-10-01,2380.7,1701.4,1096.8,495.5,614.5,144.1,60.1,112.4,6605.4,1989Q4
1989-11-01,2622.7,1826.1,1142.8,550.9,674.9,158.4,60.0,118.5,7154.3,1989Q4
1989-12-01,3428.9,2496.8,1490.8,689.6,858.1,205.6,71.0,153.5,9394.4,1989Q4
1990-01-01,2305.3,1700.6,1102.4,499.4,599.2,142.7,54.1,107.8,6511.6,1990Q1
1990-02-01,2168.4,1564.1,1000.4,452.5,550.2,140.2,53.2,102.0,6031.0,1990Q1
1990-03-01,2422.6,1720.2,1124.4,519.5,630.2,157.8,60.3,114.4,6749.3,1990Q1
1990-04-01,2320.8,1658.3,1063.3,502.6,609.9,148.7,59.0,113.5,6476.1,1990Q2
1990-05-01,2494.2,1754.0,1164.5,540.6,644.6,162.1,65.1,122.8,6947.9,1990Q2
1990-06-01,2400.0,1691.7,1161.2,518.2,643.8,155.7,65.1,123.2,6758.9,1990Q2
1990-07-01,2352.1,1638.6,1119.0,509.4,618.0,150.0,67.4,119.0,6573.5,1990Q3
1990-08-01,2467.1,1715.8,1197.0,535.2,642.9,162.7,69.9,120.5,6911.2,1990Q3
1990-09-01,2379.4,1613.6,1129.0,504.2,622.3,155.1,67.2,118.5,6589.3,1990Q3
1990-10-01,2520.7,1723.7,1198.9,542.6,658.9,164.9,68.7,124.4,7002.9,1990Q4
1990-11-01,2677.5,1813.5,1239.3,602.0,695.3,176.0,67.4,131.2,7402.3,1990Q4
1990-12-01,3390.7,2372.9,1557.1,738.8,897.6,216.6,76.8,163.9,9414.4,1990Q4
1991-01-01,2420.6,1700.4,1196.6,545.8,635.3,162.4,58.9,117.3,6837.2,1991Q1
1991-02-01,2240.5,1555.3,1086.2,492.7,587.1,152.4,57.0,113.4,6284.6,1991Q1
1991-03-01,2456.5,1681.0,1149.6,549.1,638.0,169.6,65.4,128.7,6837.9,1991Q1
1991-04-01,2424.2,1649.9,1121.7,531.1,633.1,157.0,63.0,129.5,6709.5,1991Q2
1991-05-01,2607.8,1762.3,1205.7,571.9,672.4,168.9,68.9,133.9,7191.7,1991Q2
1991-06-01,2405.5,1622.4,1141.8,515.4,635.3,158.2,69.7,126.7,6674.9,1991Q2
1991-07-01,2595.4,1734.3,1203.9,556.8,674.8,172.1,75.3,134.5,7147.0,1991Q3
1991-08-01,2641.7,1743.7,1236.7,561.1,693.4,172.2,75.9,137.9,7262.7,1991Q3
1991-09-01,2522.1,1637.8,1195.6,526.0,658.9,157.4,69.7,130.6,6898.1,1991Q3
1991-10-01,2765.4,1852.4,1295.5,580.5,738.2,172.8,73.4,146.3,7624.4,1991Q4
1991-11-01,2852.5,1872.4,1326.1,592.4,761.0,181.7,70.4,147.9,7804.4,1991Q4
1991-12-01,3561.7,2415.2,1656.1,719.7,958.0,236.9,81.5,184.5,9813.7,1991Q4
1992-01-01,2628.2,1747.4,1283.4,547.6,720.2,180.4,64.4,133.7,7305.3,1992Q1
1992-02-01,2510.0,1637.5,1166.9,502.3,679.2,164.5,63.3,124.6,6848.2,1992Q1
1992-03-01,2591.3,1742.5,1220.2,527.4,709.1,170.0,67.4,136.7,7164.6,1992Q1
1992-04-01,2679.8,1809.5,1248.4,556.5,749.5,181.3,70.8,139.8,7435.5,1992Q2
1992-05-01,2723.2,1826.6,1280.5,557.2,763.9,182.6,73.9,143.5,7551.4,1992Q2
1992-06-01,2590.8,1708.2,1259.9,520.9,710.3,171.2,78.5,140.9,7180.7,1992Q2
1992-07-01,2694.2,1784.9,1306.4,543.6,745.8,182.9,86.1,143.0,7487.0,1992Q3
1992-08-01,2548.2,1687.2,1250.3,514.5,723.7,173.8,81.9,139.8,7119.3,1992Q3
1992-09-01,2648.4,1750.9,1308.7,529.0,763.9,177.0,81.1,147.0,7406.0,1992Q3
1992-10-01,2780.7,1924.3,1387.6,568.7,854.7,190.9,82.7,156.4,7946.1,1992Q4
1992-11-01,2812.0,1881.5,1383.9,559.8,825.3,189.9,78.7,155.9,7887.0,1992Q4
1992-12-01,3644.5,2535.2,1813.6,755.0,1067.6,256.4,97.8,209.5,10379.6,1992Q4
1993-01-01,2564.7,1848.8,1328.7,536.2,773.5,187.6,73.4,143.0,7455.9,1993Q1
1993-02-01,2408.1,1649.7,1191.3,484.5,718.1,174.6,70.7,135.9,6833.0,1993Q1
1993-03-01,2607.0,1836.2,1300.3,550.2,787.8,182.6,78.4,154.8,7497.4,1993Q1
1993-04-01,2583.9,1876.9,1292.1,555.3,804.7,191.3,79.0,156.4,7539.8,1993Q2
1993-05-01,2681.0,1882.7,1299.1,555.2,829.1,184.4,81.8,161.8,7675.2,1993Q2
1993-06-01,2573.1,1854.8,1291.6,548.0,822.0,184.9,80.9,152.7,7507.9,1993Q2
1993-07-01,2575.9,1901.8,1331.2,563.7,867.4,189.9,88.5,155.9,7674.2,1993Q3
1993-08-01,2509.0,1790.6,1290.3,539.2,817.3,178.6,85.8,150.5,7361.4,1993Q3
1993-09-01,2652.0,1854.1,1401.7,567.5,854.6,193.5,86.0,156.0,7765.5,1993Q3
1993-10-01,2770.5,1946.6,1432.6,590.5,872.0,200.1,84.7,166.3,8063.3,1993Q4
1993-11-01,2880.9,2023.6,1470.0,622.7,903.6,212.8,86.7,169.1,8369.3,1993Q4
1993-12-01,3850.4,2640.5,1982.9,811.0,1236.9,276.7,97.2,235.1,11130.8,1993Q4
1994-01-01,2703.0,1795.8,1392.4,569.1,852.1,191.9,72.8,153.4,7730.6,1994Q1
1994-02-01,2539.8,1702.3,1289.9,538.9,817.9,186.8,72.0,147.7,7295.2,1994Q1
1994-03-01,2889.5,1925.8,1474.7,600.6,891.6,206.8,81.2,169.8,8240.1,1994Q1
1994-04-01,2699.7,1819.8,1397.5,571.7,855.7,193.8,78.3,158.9,7775.5,1994Q2
1994-05-01,2826.5,1874.0,1444.1,579.5,887.0,201.9,83.9,164.2,8061.2,1994Q2
1994-06-01,2803.8,1869.9,1475.4,575.8,890.0,196.2,86.8,159.0,8057.1,1994Q2
1994-07-01,2814.6,1866.6,1478.7,579.3,890.5,193.5,94.7,158.8,8076.6,1994Q3
1994-08-01,2890.2,1897.2,1519.3,582.5,876.3,194.0,98.5,164.8,8222.7,1994Q3
1994-09-01,2920.5,1943.9,1569.8,597.1,923.6,196.3,93.9,165.4,8410.6,1994Q3
1994-10-01,3005.2,2022.9,1596.0,619.6,928.0,192.7,98.2,175.7,8638.4,1994Q4
1994-11-01,3121.0,2065.8,1627.7,646.6,970.2,204.4,95.0,176.1,8906.7,1994Q4
1994-12-01,4071.9,2809.4,2082.7,849.7,1258.7,273.1,107.4,231.1,11684.1,1994Q4
1995-01-01,2876.8,1948.5,1535.0,589.2,891.5,191.4,82.5,153.3,8268.3,1995Q1
1995-02-01,2690.8,1854.4,1409.6,556.5,820.7,183.4,81.7,153.2,7750.3,1995Q1
1995-03-01,3001.4,2073.7,1568.0,633.1,906.0,205.6,93.9,175.1,8656.9,1995Q1
1995-04-01,2962.4,2039.3,1528.1,624.1,895.2,204.5,90.4,170.5,8514.5,1995Q2
1995-05-01,3064.3,2095.1,1618.6,649.9,949.9,208.3,100.3,173.9,8860.4,1995Q2
1995-06-01,2995.7,2089.1,1652.0,633.0,917.9,206.0,104.2,170.2,8767.9,1995Q2
1995-07-01,3070.5,2058.6,1590.3,634.9,923.4,204.0,107.8,172.6,8762.1,1995Q3
1995-08-01,3117.0,2092.9,1654.1,651.7,956.3,209.7,113.7,169.0,8964.4,1995Q3
1995-09-01,3128.7,2096.4,1669.9,650.0,971.6,202.7,105.3,171.7,8996.2,1995Q3
1995-10-01,3262.5,2123.9,1650.8,671.5,1005.2,215.4,107.3,178.3,9214.9,1995Q4
1995-11-01,3470.8,2244.4,1729.8,715.4,1048.1,230.1,106.7,182.2,9727.5,1995Q4
1995-12-01,4477.4,2972.8,2159.3,915.0,1349.4,295.0,120.9,235.4,12525.0,1995Q4
1996-01-01,3243.7,2109.0,1648.0,630.9,981.3,214.4,93.9,163.6,9084.7,1996Q1
1996-02-01,3116.6,1994.3,1529.7,604.4,926.6,206.6,95.0,159.0,8632.1,1996Q1
1996-03-01,3268.7,2121.7,1593.0,648.3,951.5,214.5,102.1,174.3,9074.2,1996Q1
1996-04-01,3214.8,2103.4,1552.5,637.2,955.7,209.0,99.2,174.6,8946.5,1996Q2
1996-05-01,3375.1,2193.4,1672.0,670.4,1014.5,221.2,106.5,182.0,9435.2,1996Q2
1996-06-01,3239.0,2085.1,1606.8,635.0,950.9,206.5,106.1,173.8,9003.1,1996Q2
1996-07-01,3349.6,2134.3,1692.8,647.5,981.3,203.3,109.4,173.0,9291.1,1996Q3
1996-08-01,3358.5,2176.2,1702.8,656.3,992.7,212.2,110.1,177.4,9386.1,1996Q3
1996-09-01,3239.6,2044.9,1656.8,618.5,921.2,198.7,102.8,174.3,8956.8,1996Q3
1996-10-01,3434.7,2296.1,1718.5,665.4,1049.9,222.5,106.7,181.9,9675.6,1996Q4
1996-11-01,3534.8,2375.8,1756.8,682.1,1054.3,231.7,102.2,192.5,9930.1,1996Q4
1996-12-01,4478.3,3066.5,2143.1,881.1,1303.3,294.0,111.9,245.3,12523.5,1996Q4
1997-01-01,3318.8,2305.3,1723.1,638.0,1049.3,218.9,88.1,175.1,9516.5,1997Q1
1997-02-01,3051.3,2094.5,1522.3,576.7,943.1,202.6,84.2,161.2,8636.0,1997Q1
1997-03-01,3293.2,2278.0,1635.5,634.1,1001.8,217.3,90.2,174.8,9325.0,1997Q1
1997-04-01,3196.8,2288.1,1606.3,637.5,1005.8,218.8,93.3,174.4,9221.1,1997Q2
1997-05-01,3440.9,2373.6,1745.5,668.9,1074.6,227.7,97.6,190.2,9819.1,1997Q2
1997-06-01,3211.4,2212.6,1632.6,612.5,966.2,210.3,96.7,174.5,9116.7,1997Q2
1997-07-01,3399.7,2323.8,1756.9,683.5,1029.4,224.1,109.2,192.8,9719.3,1997Q3
1997-08-01,3306.9,2311.0,1724.4,657.6,1016.6,220.0,106.8,181.5,9524.8,1997Q3
1997-09-01,3344.9,2318.5,1735.4,662.1,1032.6,219.4,104.1,179.6,9596.6,1997Q3
1997-10-01,3520.8,2495.3,1855.1,719.2,1107.1,237.4,106.7,195.4,10237.0,1997Q4
1997-11-01,3601.5,2519.3,1837.0,736.9,1100.4,245.2,100.9,199.7,10340.9,1997Q4
1997-12-01,4684.7,3278.7,2333.7,938.5,1407.3,303.9,115.0,256.3,13318.2,1997Q4
1998-01-01,3491.6,2379.7,1840.6,735.8,1100.5,220.7,89.8,183.9,10042.7,1998Q1
1998-02-01,3083.5,2118.9,1610.0,632.8,964.5,206.6,87.6,168.4,8872.4,1998Q1
1998-03-01,3315.2,2331.4,1707.8,687.2,1034.9,218.7,96.9,183.6,9575.7,1998Q1
1998-04-01,3345.4,2372.6,1758.2,715.9,1060.9,218.6,99.5,185.4,9756.6,1998Q2
1998-05-01,3457.8,2400.6,1820.8,722.6,1081.5,220.6,103.7,192.9,10000.6,1998Q2
1998-06-01,3263.0,2296.6,1774.6,688.8,1039.9,209.0,104.4,179.7,9556.1,1998Q2
1998-07-01,3476.1,2506.4,1886.7,728.1,1096.6,219.6,113.1,198.9,10225.4,1998Q3
1998-08-01,3304.9,2430.1,1841.1,692.2,1057.8,210.1,114.8,184.5,9835.4,1998Q3
1998-09-01,3397.4,2473.6,1895.0,709.9,1070.3,215.6,109.5,188.5,10059.8,1998Q3
1998-10-01,3617.3,2651.0,2010.3,768.2,1181.4,228.1,116.0,201.0,10773.4,1998Q4
1998-11-01,3603.4,2656.0,1932.2,756.4,1161.2,230.1,105.4,197.9,10642.7,1998Q4
1998-12-01,4670.5,3500.1,2483.7,995.3,1503.6,300.8,121.8,261.7,13837.5,1998Q4
1999-01-01,3574.8,2585.5,1995.6,733.5,1134.9,225.4,97.0,190.2,10537.1,1999Q1
1999-02-01,3163.1,2348.1,1753.4,649.4,1036.9,210.7,91.7,176.9,9430.1,1999Q1
1999-03-01,3499.5,2667.1,1949.6,738.1,1146.5,232.6,104.1,202.5,10540.0,1999Q1
1999-04-01,3528.9,2622.2,1904.6,707.6,1103.7,226.3,103.3,194.1,10390.7,1999Q2
1999-05-01,3605.1,2669.5,1914.2,711.7,1141.1,223.0,112.5,203.9,10581.0,1999Q2
1999-06-01,3422.2,2604.7,1931.0,689.1,1088.2,221.1,114.5,194.0,10264.8,1999Q2
1999-07-01,3583.1,2768.4,2005.7,752.6,1148.9,228.7,123.1,214.4,10824.9,1999Q3
1999-08-01,3521.7,2693.5,1954.0,726.8,1113.5,223.9,120.3,201.6,10555.3,1999Q3
1999-09-01,3661.6,2791.3,2019.2,748.7,1137.8,228.5,117.7,204.1,10908.9,1999Q3
1999-10-01,3780.5,2908.9,2060.5,784.4,1231.0,232.8,119.9,218.8,11336.8,1999Q4
1999-11-01,3848.4,2993.3,2098.3,810.3,1252.4,239.8,116.8,224.7,11584.0,1999Q4
1999-12-01,5057.4,3906.0,2683.9,1033.4,1590.5,319.1,135.7,290.9,15016.9,1999Q4
2000-01-01,3581.9,2738.0,2040.3,744.2,1162.7,218.8,102.7,205.6,10794.2,2000Q1
2000-02-01,3381.7,2524.9,1868.2,692.7,1129.5,214.8,103.0,200.0,10114.8,2000Q1
2000-03-01,3638.8,2764.8,2000.6,766.0,1202.7,226.6,112.4,218.2,10930.1,2000Q1
2000-04-01,3538.7,2630.3,1981.8,740.2,1171.3,218.0,112.7,216.9,10609.9,2000Q2
2000-05-01,3712.8,2769.4,2021.9,771.6,1205.2,221.4,118.4,232.0,11052.7,2000Q2
2000-06-01,3928.5,2928.3,2155.5,801.7,1253.4,229.7,125.5,252.7,11675.2,2000Q2
2000-07-01,3528.6,2584.4,2060.2,730.4,1138.1,216.3,125.6,221.6,10605.2,2000Q3
2000-08-01,3736.8,2727.3,2148.3,777.0,1207.4,233.6,130.9,229.3,11190.6,2000Q3
2000-09-01,3991.7,2717.8,2145.3,779.0,1226.2,233.1,123.2,230.9,11447.4,2000Q3
2000-10-01,3955.3,2857.1,2220.7,804.9,1220.6,241.2,121.2,243.4,11664.4,2000Q4
2000-11-01,4034.9,3048.3,2264.4,872.5,1273.7,260.4,118.7,255.0,12127.8,2000Q4
2000-12-01,5266.6,3991.5,2825.7,1106.9,1589.6,329.0,133.7,324.2,15567.3,2000Q4
2001-01-01,3932.9,2887.5,2222.5,795.3,1190.1,244.4,104.7,234.8,11612.2,2001Q1
2001-02-01,3569.5,2669.4,1999.9,733.7,1098.9,232.2,100.4,221.1,10625.2,2001Q1
2001-03-01,3999.0,3010.5,2225.6,851.4,1226.5,259.2,115.0,253.2,11940.5,2001Q1
2001-04-01,3918.2,2909.4,2156.0,820.5,1172.1,245.5,112.0,243.0,11576.8,2001Q2
2001-05-01,4087.5,3020.2,2269.1,868.6,1204.4,251.1,122.2,252.7,12075.8,2001Q2
2001-06-01,3904.2,2981.8,2231.0,837.5,1179.9,242.4,125.4,247.1,11749.3,2001Q2
2001-07-01,4016.7,3062.8,2266.2,861.2,1205.1,236.2,129.8,261.0,12038.9,2001Q3
2001-08-01,4030.0,3101.9,2307.9,875.2,1247.4,247.6,135.3,259.6,12204.9,2001Q3
2001-09-01,3984.9,3008.3,2259.2,861.5,1216.6,239.4,122.5,256.9,11949.3,2001Q3
2001-10-01,4242.6,3247.2,2396.2,920.1,1334.5,257.4,131.2,268.7,12797.9,2001Q4
2001-11-01,4417.4,3387.9,2483.2,979.8,1404.4,275.7,128.9,281.5,13359.0,2001Q4
2001-12-01,5609.6,4299.2,3092.7,1202.6,1710.5,338.8,138.3,351.8,16743.5,2001Q4
2002-01-01,4244.3,3241.8,2441.6,921.5,1339.9,268.6,117.3,261.0,12836.0,2002Q1
2002-02-01,3747.0,2906.0,2119.6,827.5,1197.9,243.9,108.2,242.3,11392.4,2002Q1
2002-03-01,4153.2,3267.7,2374.9,945.6,1324.1,272.1,122.3,268.5,12728.5,2002Q1
2002-04-01,4098.6,3202.9,2311.8,909.8,1281.5,262.3,124.8,264.0,12455.8,2002Q2
2002-05-01,4362.7,3364.3,2477.2,962.9,1359.7,278.8,134.5,278.1,13217.9,2002Q2
2002-06-01,4076.9,3215.4,2392.7,910.2,1291.2,262.3,135.4,266.6,12550.6,2002Q2
2002-07-01,4264.8,3310.6,2478.4,939.1,1288.6,258.8,141.6,261.4,12943.3,2002Q3
2002-08-01,4376.7,3356.9,2529.4,968.8,1346.3,266.8,144.7,272.1,13261.7,2002Q3
2002-09-01,4285.1,3251.6,2496.2,938.6,1265.1,255.5,133.8,262.4,12888.3,2002Q3
2002-10-01,4534.9,3464.4,2656.8,1004.6,1437.2,282.5,135.0,283.5,13798.9,2002Q4
2002-11-01,4753.7,3655.2,2727.3,1065.8,1489.1,296.1,132.7,298.3,14418.4,2002Q4
2002-12-01,5901.4,4586.9,3319.8,1297.1,1826.4,366.8,144.7,358.4,17801.4,2002Q4
2003-01-01,4452.1,3463.1,2665.7,981.2,1403.0,284.1,120.4,266.9,13636.3,2003Q1
2003-02-01,3961.9,3101.2,2276.8,865.6,1239.7,256.9,111.9,253.5,12067.5,2003Q1
2003-03-01,4349.9,3433.7,2496.6,960.6,1359.9,281.7,124.5,282.8,13289.7,2003Q1
2003-04-01,4379.0,3398.4,2546.9,974.3,1361.8,282.5,124.7,280.2,13347.9,2003Q2
2003-05-01,4529.7,3561.2,2653.4,1006.8,1428.7,290.3,134.2,292.9,13897.3,2003Q2
2003-06-01,4334.4,3391.9,2577.4,953.9,1338.6,271.5,133.0,283.4,13284.0,2003Q2
2003-07-01,4504.0,3576.5,2780.5,983.0,1433.7,294.9,147.8,285.1,14005.4,2003Q3
2003-08-01,4526.3,3521.5,2766.1,963.3,1427.1,293.2,149.0,286.7,13933.3,2003Q3
2003-09-01,4613.6,3530.1,2824.0,960.5,1407.8,294.8,140.6,284.6,14055.9,2003Q3
2003-10-01,4946.6,3865.1,3026.1,1065.8,1525.2,322.8,146.4,290.6,15188.7,2003Q4
2003-11-01,5062.9,3935.1,3035.2,1091.9,1553.8,331.6,140.8,303.6,15455.0,2003Q4
2003-12-01,6316.2,5016.2,3776.8,1370.2,1953.8,418.1,156.0,377.1,19384.4,2003Q4
2004-01-01,4791.1,3790.2,3018.7,1052.5,1544.1,330.3,126.3,281.5,14934.7,2004Q1
2004-02-01,4353.8,3555.3,2671.9,944.0,1379.2,297.2,121.4,265.7,13588.5,2004Q1
2004-03-01,4678.1,3831.3,2834.9,1042.9,1479.5,319.7,129.9,284.5,14600.9,2004Q1
2004-04-01,4673.5,3720.6,2866.1,1042.1,1513.3,319.8,136.4,280.3,14552.0,2004Q2
2004-05-01,4772.0,3711.5,2916.8,1032.0,1511.5,309.9,143.9,287.5,14685.1,2004Q2
2004-06-01,4677.0,3690.8,3000.0,1041.9,1513.5,313.9,154.8,287.2,14679.0,2004Q2
2004-07-01,4831.4,3784.3,3095.2,1074.0,1592.8,324.9,160.9,291.4,15154.9,2004Q3
2004-08-01,4679.7,3724.4,3033.0,1024.0,1525.4,306.3,156.7,282.2,14731.7,2004Q3
2004-09-01,4841.5,3809.5,3145.6,1054.9,1595.5,319.5,154.2,283.5,15204.1,2004Q3
2004-10-01,5021.0,4016.3,3175.2,1108.0,1659.4,335.6,152.8,300.8,15769.1,2004Q4
2004-11-01,5144.6,4064.3,3184.0,1142.2,1692.3,342.4,145.8,302.2,16017.9,2004Q4
2004-12-01,6517.2,5230.8,3944.0,1458.2,2155.1,444.8,165.2,382.9,20298.1,2004Q4
2005-01-01,4887.2,3741.3,3068.6,1060.4,1560.0,337.0,130.6,281.6,15066.7,2005Q1
2005-02-01,4377.8,3491.4,2716.1,971.3,1438.3,310.3,128.0,260.3,13693.5,2005Q1
2005-03-01,4825.0,3849.7,3002.2,1092.4,1590.1,342.0,141.4,285.9,15128.9,2005Q1
2005-04-01,4674.5,3778.5,2918.9,1035.4,1583.7,326.6,140.5,284.6,14742.6,2005Q2
2005-05-01,4765.7,3896.0,2939.7,1043.5,1597.4,322.2,144.5,291.7,15000.6,2005Q2
2005-06-01,4803.5,3877.0,3019.3,1059.6,1626.4,324.5,153.1,296.3,15159.8,2005Q2
2005-07-01,4821.7,3845.0,3142.5,1087.2,1645.7,337.0,160.1,300.1,15339.3,2005Q3
2005-08-01,4806.6,3827.1,3145.8,1068.0,1652.0,337.3,163.4,298.9,15299.0,2005Q3
2005-09-01,4896.1,3857.6,3158.3,1071.7,1657.1,339.9,155.9,299.4,15436.0,2005Q3
2005-10-01,5093.9,3997.0,3278.0,1094.2,1722.7,355.6,152.2,309.1,16002.8,2005Q4
2005-11-01,5277.6,4122.5,3332.3,1155.6,1789.2,374.0,146.2,323.5,16520.8,2005Q4
2005-12-01,6687.5,5256.5,4201.6,1470.2,2286.8,481.0,168.5,402.8,20955.0,2005Q4
2006-01-01,4979.4,3892.5,3202.0,1083.6,1662.7,362.3,132.6,299.6,15614.7,2006Q1
2006-02-01,4496.9,3586.4,2856.8,992.3,1562.3,335.9,126.4,274.1,14231.0,2006Q1
2006-03-01,5003.8,4044.0,3160.2,1117.1,1724.0,373.8,142.6,303.1,15868.7,2006Q1
2006-04-01,4953.0,3990.6,3069.4,1095.6,1711.9,348.7,146.3,303.7,15619.2,2006Q2
2006-05-01,5036.8,4061.8,3176.9,1113.0,1754.6,349.2,159.9,306.9,15959.0,2006Q2
2006-06-01,5044.5,4093.4,3263.4,1115.3,1756.5,351.3,167.2,314.9,16106.6,2006Q2
2006-07-01,5081.7,4033.6,3349.0,1121.3,1784.0,356.1,177.7,311.2,16214.5,2006Q3
2006-08-01,5081.5,4111.5,3413.8,1141.1,1802.1,359.7,179.3,313.0,16401.9,2006Q3
2006-09-01,5118.6,4059.4,3372.6,1134.5,1818.4,357.1,170.4,317.6,16348.7,2006Q3
2006-10-01,5352.2,4340.5,3478.8,1198.9,1914.5,369.4,170.1,331.2,17155.7,2006Q4
2006-11-01,5573.7,4500.3,3563.5,1252.9,2007.5,389.3,167.2,345.9,17800.4,2006Q4
2006-12-01,7014.5,5625.7,4355.5,1549.8,2496.6,482.8,189.6,428.5,22142.8,2006Q4
2007-01-01,5293.0,4208.0,3437.0,1190.0,1891.0,372.0,151.2,313.1,16855.2,2007Q1
2007-02-01,4791.5,3853.8,3069.9,1083.1,1746.9,345.3,144.4,296.5,15331.4,2007Q1
2007-03-01,5408.0,4332.8,3484.6,1238.0,1965.1,386.2,165.3,337.8,17317.7,2007Q1
2007-04-01,5187.5,4132.2,3317.9,1143.9,1889.5,362.0,160.0,321.4,16514.4,2007Q2
2007-05-01,5316.4,4239.7,3480.6,1199.5,1971.1,378.9,176.4,337.9,17100.4,2007Q2
2007-06-01,5321.7,4223.8,3582.1,1206.5,1942.5,378.2,185.1,344.4,17184.1,2007Q2
2007-07-01,5428.0,4244.9,3709.6,1201.9,1954.4,377.2,193.1,327.9,17437.0,2007Q3
2007-08-01,5538.0,4364.1,3755.4,1225.8,1993.6,389.7,197.6,337.3,17801.5,2007Q3
2007-09-01,5537.3,4265.4,3742.2,1195.6,1973.0,368.9,185.9,335.2,17603.5,2007Q3
2007-10-01,5784.4,4538.3,3903.3,1303.1,2066.5,394.5,190.6,349.8,18530.4,2007Q4
2007-11-01,6027.4,4791.6,3985.0,1361.6,2176.9,415.6,188.4,360.5,19307.1,2007Q4
2007-12-01,7552.0,5978.5,4821.4,1674.5,2637.7,514.6,215.8,439.1,23833.7,2007Q4
2008-01-01,5666.2,4528.2,3803.2,1323.9,1981.7,397.9,167.5,332.5,18201.0,2008Q1
2008-02-01,5216.4,4184.1,3449.7,1230.3,1848.0,375.9,164.3,322.6,16791.4,2008Q1
2008-03-01,5513.5,4433.3,3681.3,1295.8,1973.5,392.2,176.2,342.1,17807.9,2008Q1
2008-04-01,5416.9,4379.4,3572.7,1288.4,1979.5,385.5,182.6,338.1,17543.0,2008Q2
2008-05-01,5588.5,4517.8,3734.9,1335.1,2058.9,400.8,197.0,350.5,18183.5,2008Q2
2008-06-01,5376.1,4313.1,3622.1,1292.3,1962.5,377.3,198.9,335.6,17477.9,2008Q2
2008-07-01,5498.5,4483.8,3965.5,1375.0,2105.3,405.7,219.9,337.5,18391.2,2008Q3
2008-08-01,5446.9,4477.7,3919.0,1345.7,2051.2,401.2,220.1,336.4,18198.2,2008Q3
2008-09-01,5371.9,4373.5,3862.6,1323.5,2021.4,390.9,211.2,330.2,17885.2,2008Q3
2008-10-01,5763.7,4774.8,4042.6,1430.5,2135.5,426.9,214.0,356.6,19144.5,2008Q4
2008-11-01,5945.4,4897.4,4050.0,1432.9,2143.1,433.3,207.8,368.6,19478.5,2008Q4
2008-12-01,7733.9,6379.8,5186.4,1854.0,2749.0,571.1,246.9,463.1,25184.3,2008Q4
2009-01-01,5990.9,4818.1,4064.0,1422.5,2110.0,430.5,195.5,353.0,19384.5,2009Q1
2009-02-01,5189.9,4244.2,3453.3,1229.6,1842.4,391.6,182.3,320.6,16853.8,2009Q1
2009-03-01,5751.0,4804.1,3932.4,1389.9,2053.4,431.8,210.6,354.6,18927.9,2009Q1
2009-04-01,5795.8,4770.4,3890.2,1374.9,2028.6,428.1,205.7,355.7,18849.3,2009Q2
2009-05-01,5943.7,4852.4,4038.8,1412.8,2129.3,429.8,217.6,373.1,19397.5,2009Q2
2009-06-01,5799.4,4717.1,3952.6,1373.2,2066.7,412.2,220.5,361.2,18902.9,2009Q2
2009-07-01,5884.7,4798.1,4109.8,1401.3,2134.2,432.4,240.0,360.0,19360.6,2009Q3
2009-08-01,5861.6,4745.9,4094.5,1357.5,2078.3,422.9,236.1,359.9,19156.7,2009Q3
2009-09-01,5852.2,4724.0,4045.1,1354.5,2059.2,417.3,221.9,356.1,19030.3,2009Q3
2009-10-01,6315.2,5001.0,4231.3,1454.2,2228.4,457.7,230.9,375.8,20294.6,2009Q4
2009-11-01,6603.4,5244.2,4195.0,1496.9,2232.7,457.5,220.0,390.5,20840.1,2009Q4
2009-12-01,8259.6,6542.1,5218.1,1827.9,2811.2,571.0,249.9,478.8,25958.5,2009Q4
2010-01-01,6229.9,4930.7,4049.3,1434.6,2154.7,431.7,195.6,365.6,19792.0,2010Q1
2010-02-01,5389.3,4403.5,3528.5,1257.3,1926.3,404.4,188.9,333.3,17431.5,2010Q1
2010-03-01,6038.6,4918.8,3925.1,1440.5,2135.8,442.0,214.6,374.9,19490.3,2010Q1
2010-04-01,5846.5,4847.3,3829.7,1403.2,2104.1,421.0,216.0,364.1,19032.0,2010Q2
2010-05-01,6087.5,4944.4,3927.7,1417.9,2133.7,422.3,225.4,374.5,19533.6,2010Q2
2010-06-01,6005.4,4896.5,3933.1,1398.0,2095.4,406.7,230.9,373.2,19339.1,2010Q2
2010-07-01,6215.9,5095.4,4242.8,1449.5,2179.7,427.4,252.5,368.6,20231.6,2010Q3
2010-08-01,6144.2,5016.8,4145.1,1398.9,2132.5,414.2,244.3,364.9,19860.8,2010Q3
2010-09-01,6174.6,5041.3,4123.5,1396.5,2170.8,411.9,235.2,362.6,19916.3,2010Q3
2010-10-01,6333.6,5262.2,4197.5,1475.4,2256.8,438.9,223.0,387.9,20575.4,2010Q4
2010-11-01,6621.3,5437.4,4263.7,1494.5,2281.2,451.2,215.1,399.3,21163.7,2010Q4
2010-12-01,8387.7,6952.0,5270.5,1846.1,2849.9,559.3,243.8,489.9,26599.2,2010Q4
2011-01-01,6343.8,5007.6,4074.3,1423.4,2221.6,415.1,199.4,378.6,20063.7,2011Q1
2011-02-01,5614.9,4513.7,3705.4,1272.1,2040.2,394.9,194.9,343.2,18079.3,2011Q1
2011-03-01,6136.0,5081.9,4004.6,1435.7,2254.5,423.6,219.4,378.1,19933.8,2011Q1
2011-04-01,6053.8,5140.5,4018.3,1390.6,2227.1,415.6,215.1,372.0,19833.0,2011Q2
2011-05-01,6038.9,5127.7,4068.0,1380.1,2269.0,408.2,224.8,371.3,19888.1,2011Q2
2011-06-01,5971.9,5078.4,4068.6,1349.0,2268.3,401.0,234.0,367.2,19738.3,2011Q2
2011-07-01,6161.2,5182.8,4285.9,1402.5,2347.1,421.0,252.4,366.8,20419.6,2011Q3
2011-08-01,6175.6,5142.0,4294.8,1393.3,2342.0,423.6,251.0,366.1,20388.3,2011Q3
2011-09-01,6255.1,5140.8,4298.1,1403.2,2346.2,421.0,241.8,369.6,20475.9,2011Q3
2011-10-01,6482.9,5378.4,4331.6,1455.3,2475.6,433.6,240.1,385.9,21183.4,2011Q4
2011-11-01,6781.2,5513.6,4428.6,1515.9,2547.3,453.6,232.8,391.2,21864.2,2011Q4
2011-12-01,8558.2,7119.7,5414.5,1869.2,3157.0,563.4,255.6,487.9,27425.4,2011Q4
2012-01-01,6317.7,5159.4,4230.3,1405.3,2412.3,420.7,208.1,375.8,20529.6,2012Q1
2012-02-01,5764.9,4796.1,3915.6,1319.8,2297.7,412.0,205.7,359.3,19071.2,2012Q1
2012-03-01,6271.1,5302.3,4259.0,1456.0,2517.6,438.0,229.0,395.1,20868.1,2012Q1
2012-04-01,6116.0,5024.6,4098.0,1385.9,2397.4,410.0,220.0,376.9,20028.9,2012Q2
2012-05-01,6350.6,5201.0,4306.5,1424.9,2547.8,413.4,240.2,388.6,20873.1,2012Q2
2012-06-01,6353.2,5195.4,4365.0,1404.9,2510.0,406.0,252.3,391.4,20878.1,2012Q2
2012-07-01,6337.6,5186.0,4465.2,1408.4,2517.1,407.1,263.1,380.0,20964.6,2012Q3
2012-08-01,6444.8,5271.5,4541.1,1428.2,2596.0,413.4,261.9,395.1,21352.0,2012Q3
2012-09-01,6434.3,5130.7,4458.2,1405.1,2577.8,396.3,244.7,393.2,21040.2,2012Q3
2012-10-01,6664.3,5350.9,4588.3,1461.4,2726.9,414.6,247.0,397.0,21850.4,2012Q4
2012-11-01,7003.2,5633.8,4675.8,1500.3,2775.7,436.2,239.1,416.0,22680.2,2012Q4
2012-12-01,8598.7,6969.2,5641.4,1814.6,3346.2,543.2,265.4,497.7,27676.4,2012Q4
2013-01-01,6647.5,5274.0,4516.7,1434.9,2601.0,425.0,220.9,390.6,21510.6,2013Q1
2013-02-01,5927.2,4748.3,4028.0,1258.2,2374.1,392.1,203.8,368.2,19299.8,2013Q1
2013-03-01,6531.4,5283.1,4439.8,1434.8,2650.5,427.1,230.0,413.9,21410.5,2013Q1
2013-04-01,6340.0,5106.1,4292.0,1359.1,2490.2,395.8,223.2,394.6,20601.1,2013Q2
2013-05-01,6542.1,5280.5,4512.4,1419.7,2674.5,410.6,240.7,400.5,21481.0,2013Q2
2013-06-01,6413.3,5154.2,4445.1,1376.1,2559.3,389.8,245.2,401.5,20984.5,2013Q2
2013-07-01,6480.5,5221.0,4649.2,1448.0,2590.2,417.8,273.7,393.8,21474.2,2013Q3
2013-08-01,6675.2,5387.6,4741.6,1453.0,2664.4,424.0,277.7,400.5,22024.0,2013Q3
2013-09-01,6604.1,5262.9,4632.1,1423.8,2563.7,409.0,258.4,397.9,21551.9,2013Q3
2013-10-01,7028.2,5618.7,4819.3,1505.5,2758.9,443.1,257.7,422.3,22853.7,2013Q4
2013-11-01,7393.5,5881.1,4914.0,1566.6,2860.6,467.7,251.5,436.1,23771.3,2013Q4
2013-12-01,9189.0,7356.6,5909.5,1879.1,3417.4,585.2,270.4,530.4,29137.6,2013Q4
2014-01-01,7237.4,5654.3,4787.3,1497.2,2681.9,468.0,233.9,400.6,22960.6,2014Q1
2014-02-01,6355.1,5033.2,4173.5,1312.8,2415.3,419.9,216.1,369.2,20295.0,2014Q1
2014-03-01,7045.2,5560.5,4596.0,1453.4,2624.7,454.3,243.9,408.2,22386.2,2014Q1
2014-04-01,6914.8,5492.2,4512.1,1426.3,2559.4,442.1,239.1,389.7,21975.8,2014Q2
2014-05-01,7078.5,5598.7,4694.4,1463.5,2676.0,446.9,260.7,401.4,22620.1,2014Q2
2014-06-01,6932.2,5464.0,4583.6,1408.7,2586.1,433.2,263.9,389.6,22061.3,2014Q2
2014-07-01,7178.3,5614.7,4841.7,1489.8,2661.2,451.1,280.3,400.2,22917.2,2014Q3
2014-08-01,7135.1,5685.7,4790.4,1472.7,2682.3,448.5,279.3,404.3,22898.2,2014Q3
2014-09-01,7330.2,5689.1,4768.1,1482.5,2669.2,443.6,263.8,410.8,23057.2,2014Q3
2014-10-01,7759.8,6023.4,4947.3,1589.9,2853.1,466.8,262.0,430.5,24332.7,2014Q4
2014-11-01,8020.7,6151.9,4939.0,1622.5,2870.1,481.7,254.6,452.9,24793.5,2014Q4
2014-12-01,9825.4,7645.5,6048.6,1968.1,3517.5,594.1,282.4,544.2,30425.9,2014Q4
2015-01-01,7663.1,5904.7,4937.5,1546.2,2751.1,480.2,229.7,412.0,23924.6,2015Q1
2015-02-01,6730.3,5283.1,4302.5,1383.7,2494.4,440.5,218.4,387.0,21239.9,2015Q1
2015-03-01,7455.4,5887.7,4807.2,1562.9,2723.4,480.2,242.0,425.4,23584.2,2015Q1
2015-04-01,7250.0,5726.7,4618.5,1491.8,2626.0,448.6,239.2,412.1,22812.9,2015Q2
2015-05-01,7476.0,5838.6,4796.4,1535.3,2743.5,458.0,253.8,430.9,23532.6,2015Q2
2015-06-01,7436.6,5777.1,4775.5,1508.9,2666.1,444.0,265.9,419.4,23293.5,2015Q2
2015-07-01,7575.9,5914.6,5035.1,1558.5,2756.5,468.5,286.8,419.9,24015.9,2015Q3
2015-08-01,7542.5,5938.6,4923.3,1525.5,2738.8,457.8,278.6,419.0,23824.2,2015Q3
2015-09-01,7664.8,5985.7,4898.0,1550.3,2762.2,459.6,267.0,421.2,24008.9,2015Q3
2015-10-01,8168.2,6396.2,5108.8,1640.8,2928.2,492.0,267.3,445.7,25447.3,2015Q4
2015-11-01,8351.7,6507.8,5119.8,1661.9,2921.8,503.6,256.8,460.1,25783.5,2015Q4
2015-12-01,10383.7,8159.5,6262.0,2050.8,3574.5,626.6,286.0,580.0,31923.0,2015Q4
2016-01-01,7997.5,6168.4,5016.9,1601.9,2778.8,501.8,238.7,449.2,24753.1,2016Q1
2016-02-01,7301.0,5740.6,4517.4,1472.4,2572.8,472.2,228.9,429.5,22734.9,2016Q1
2016-03-01,7847.1,6179.5,4878.9,1617.2,2792.3,502.2,245.1,455.0,24517.3,2016Q1
2016-04-01,7703.5,6088.0,4726.8,1569.5,2712.5,481.7,246.8,447.1,23975.9,2016Q2
2016-05-01,7796.0,6083.8,4781.0,1582.6,2721.3,478.1,254.9,445.9,24143.5,2016Q2
2016-06-01,7756.2,6072.5,4894.2,1568.5,2708.3,465.8,262.7,437.2,24165.3,2016Q2
2016-07-01,7792.0,6059.4,5104.3,1621.3,2764.9,490.2,281.4,450.1,24563.7,2016Q3
2016-08-01,7805.4,6127.3,5100.1,1609.9,2743.7,481.2,278.2,445.6,24591.3,2016Q3
2016-09-01,8043.8,6270.8,5141.5,1622.5,2779.4,483.4,268.9,453.5,25063.6,2016Q3
2016-10-01,8383.1,6508.1,5257.2,1678.8,2899.8,501.9,265.5,480.2,25974.6,2016Q4
2016-11-01,8744.0,6752.1,5337.8,1729.3,2940.9,524.7,259.5,492.7,26781.1,2016Q4
2016-12-01,10783.1,8457.6,6527.7,2139.2,3637.2,659.1,293.2,603.0,33100.2,2016Q4
2017-01-01,8199.0,6355.5,5111.9,1662.1,2764.9,515.9,234.2,462.5,25306.2,2017Q1
2017-02-01,7298.9,5710.5,4493.7,1485.6,2506.4,469.8,223.4,426.7,22615.0,2017Q1
2017-03-01,8085.8,6412.4,4925.8,1668.2,2797.4,512.0,244.6,467.4,25113.5,2017Q1
2017-04-01,7883.7,6286.0,4892.7,1625.6,2693.2,492.8,244.9,464.3,24583.1,2017Q2
2017-05-01,8132.0,6396.5,4940.1,1668.4,2767.0,500.5,258.6,469.9,25133.2,2017Q2
2017-06-01,8130.1,6368.2,5050.6,1648.8,2740.3,496.6,272.7,460.2,25167.5,2017Q2
2017-07-01,8061.9,6347.9,5192.6,1648.1,2776.6,498.4,288.9,464.2,25278.6,2017Q3
2017-08-01,8090.2,6389.1,5152.2,1639.2,2777.9,490.5,282.4,453.8,25275.4,2017Q3
2017-09-01,8205.9,6368.9,5140.0,1656.7,2756.4,492.7,265.6,462.5,25348.7,2017Q3
2017-10-01,8556.0,6727.1,5233.4,1758.0,2856.3,518.4,264.0,483.9,26397.1,2017Q4
2017-11-01,9036.0,7150.7,5395.8,1833.7,2979.0,549.0,260.3,502.8,27707.3,2017Q4
2017-12-01,10960.7,8757.0,6544.7,2216.5,3594.9,668.3,285.8,611.1,33639.0,2017Q4
2018-01-01,8365.6,6602.5,5220.9,1705.1,2777.9,527.5,231.7,464.7,25896.0,2018Q1
2018-02-01,7527.1,6039.6,4561.3,1540.3,2493.1,483.9,222.9,432.6,23300.7,2018Q1
2018-03-01,8436.2,6821.8,5107.1,1762.2,2813.9,535.2,251.4,490.2,26218.0,2018Q1
2018-04-01,8041.3,6517.3,4822.3,1624.3,2655.0,500.6,253.3,469.3,24883.3,2018Q2
2018-05-01,8438.3,6698.5,5062.0,1722.7,2758.0,522.1,270.4,482.0,25954.1,2018Q2
2018-06-01,8354.4,6704.9,5065.5,1687.2,2737.0,514.1,278.7,485.5,25827.2,2018Q2
2018-07-01,8304.6,6657.5,5273.3,1696.2,2715.8,522.8,289.6,475.8,25935.6,2018Q3
2018-08-01,8474.8,6793.4,5300.0,1719.0,2774.0,525.0,282.8,471.4,26340.6,2018Q3
2018-09-01,8387.7,6757.1,5226.6,1703.0,2732.1,516.1,262.3,478.9,26063.9,2018Q3
2018-10-01,8747.3,7169.5,5470.5,1802.2,2898.2,548.2,264.2,507.6,27407.7,2018Q4
2018-11-01,9245.0,7511.7,5630.1,1861.6,2998.7,571.6,256.8,533.6,28609.2,2018Q4
2018-12-01,11085.5,9118.5,6729.8,2211.4,3612.4,690.0,280.5,633.2,34361.4,2018Q4
2019-01-01,8651.0,6926.8,5358.7,1746.2,2805.1,553.7,225.3,481.3,26748.0,2019Q1
2019-02-01,7717.4,6292.9,4753.2,1570.3,2544.1,497.3,218.2,455.8,24049.2,2019Q1
2019-03-01,8496.4,7035.3,5279.2,1759.9,2795.8,542.6,245.6,505.7,26660.6,2019Q1
2019-04-01,8247.9,6825.2,5191.3,1713.6,2700.6,525.3,244.3,489.0,25937.2,2019Q2
2019-05-01,8503.7,7014.1,5329.5,1778.2,2792.5,529.1,261.1,500.0,26708.0,2019Q2
2019-06-01,8371.3,6906.9,5298.6,1708.6,2744.0,519.9,267.7,495.0,26311.9,2019Q2
2019-07-01,8349.8,6886.1,5507.2,1725.6,2826.3,534.8,286.2,486.4,26602.4,2019Q3
2019-08-01,8542.8,7046.9,5585.6,1754.6,2857.8,535.3,282.9,499.0,27104.8,2019Q3
2019-09-01,8451.1,6890.5,5423.1,1724.5,2810.0,528.1,262.2,494.2,26583.6,2019Q3
2019-10-01,8930.2,7304.3,5712.7,1831.2,2992.2,575.3,271.5,525.8,28143.2,2019Q4
2019-11-01,9424.2,7716.0,5939.8,1912.6,3104.6,601.6,266.1,557.4,29522.2,2019Q4
2019-12-01,11156.1,9376.9,7043.9,2239.6,3696.8,740.5,285.8,652.5,35192.1,2019Q4
2020-01-01,8630.8,7121.9,5632.4,1765.5,2867.1,585.4,231.8,488.3,27323.3,2020Q1
2020-02-01,7946.2,6696.7,5174.5,1643.7,2712.5,545.0,227.7,482.2,25428.4,2020Q1
2020-03-01,9057.6,7653.1,5943.5,1922.5,3136.9,620.5,270.5,554.6,29159.2,2020Q1
2020-04-01,7349.1,5946.7,4938.4,1605.5,2574.2,495.1,252.1,458.4,23619.5,2020Q2
2020-05-01,8787.1,7054.6,5881.2,1912.7,3137.5,586.5,289.2,532.2,28181.1,2020Q2
2020-06-01,8968.6,7237.1,5909.0,1885.2,3150.6,594.7,285.4,537.8,28568.4,2020Q2
2020-07-01,9536.2,7130.8,6470.8,1983.2,3370.2,638.9,312.6,565.5,30008.2,2020Q3
2020-08-01,9278.4,6236.5,6298.6,1931.8,3321.1,619.4,310.0,568.5,28564.2,2020Q3
2020-09-01,9336.0,6212.8,6173.4,1890.3,3254.8,608.6,303.4,556.4,28335.7,2020Q3
2020-10-01,9910.5,6925.3,6430.6,2019.5,3489.7,639.6,308.4,594.3,30318.0,2020Q4
2020-11-01,10448.2,8725.1,6731.1,2034.3,3561.1,674.6,304.0,622.0,33100.4,2020Q4
2020-12-01,12160.5,10012.4,8042.5,2469.4,4271.3,800.3,339.0,735.0,38830.4,2020Q4
2021-01-01,9397.7,7636.5,6299.4,1925.7,3380.7,639.2,275.7,574.0,30129.0,2021Q1
2021-02-01,8477.6,6701.3,5594.3,1728.6,2890.0,580.9,255.0,530.1,26757.8,2021Q1
2021-03-01,9470.1,7800.0,6201.9,1940.4,3390.1,648.8,286.8,572.6,30310.7,2021Q1
2021-04-01,9256.2,7539.6,5959.3,1848.9,3186.3,611.2,285.8,559.3,29246.6,2021Q2
